3c6fa2f4d58611579b21798e0568f548,c:\program files (x86)\adobe\reader 10.0\reader\reader_sl.exe,VCUNHA-DS2012-1
3c6fa2f4d58611579b21798e0568f548,c:\program files (x86)\adobe\reader 10.0\reader\reader_sl.exe,VCUNHA-DS2012-1
3c6fa2f4d58611579b21798e0568f548,c:\program files (x86)\adobe\reader 10.0\reader\reader_sl.exe,VCUNHA-DS2012-1
3c6fa2f4d58611579b21798e0568f548,c:\program files\adobe\reader 10.0\reader\reader_sl.exe,BSARIC-MI2014
3c6fa2f4d58611579b21798e0568f548,c:\program files\adobe\reader 10.0\reader\reader_sl.exe,TGIBBS-MS2014
3c6fa2f4d58611579b21798e0568f548,c:\program files (x86)\adobe\reader 10.0\reader\reader_sl.exe,VCUNHA-DS2012-1
3c6fa2f4d58611579b21798e0568f548,c:\program files (x86)\adobe\reader 10.0\reader\reader_sl.exe,APAVLOVIC-MI201
3c6fa2f4d58611579b21798e0568f548,c:\program files (x86)\adobe\reader 10.0\reader\reader_sl.exe,VCUNHA-DS2012-1
3c6fa2f4d58611579b21798e0568f548,c:\program files (x86)\adobe\reader 10.0\reader\reader_sl.exe,VCUNHA-DS2012-1
3c6fa2f4d58611579b21798e0568f548,c:\program files\adobe\reader 10.0\reader\reader_sl.exe,TGIBBS-MS2014
3c6fa2f4d58611579b21798e0568f548,c:\program files\adobe\reader 10.0\reader\reader_sl.exe,TGIBBS-MS2014
3c6fa2f4d58611579b21798e0568f548,c:\program files\adobe\reader 10.0\reader\reader_sl.exe,TGIBBS-MS2014
3c6fa2f4d58611579b21798e0568f548,c:\program files (x86)\adobe\reader 10.0\reader\reader_sl.exe,VCUNHA-DS2012-1
3c6fa2f4d58611579b21798e0568f548,c:\program files (x86)\adobe\reader 10.0\reader\reader_sl.exe,APAVLOVIC-MI201
3c6fa2f4d58611579b21798e0568f548,c:\program files\adobe\reader 10.0\reader\reader_sl.exe,TGIBBS-MS2014
3c6fa2f4d58611579b21798e0568f548,c:\program files (x86)\adobe\reader 10.0\reader\reader_sl.exe,VCUNHA-DS2012-1
3c6fa2f4d58611579b21798e0568f548,c:\program files (x86)\adobe\reader 10.0\reader\reader_sl.exe,APAVLOVIC-MI201
3c6fa2f4d58611579b21798e0568f548,c:\program files\adobe\reader 10.0\reader\reader_sl.exe,BSARIC-MI2014
3c6fa2f4d58611579b21798e0568f548,c:\program files\adobe\reader 10.0\reader\reader_sl.exe,TGIBBS-MS2014
3c6fa2f4d58611579b21798e0568f548,c:\program files\adobe\reader 10.0\reader\reader_sl.exe,TGIBBS-MS2014
